# Ag_MP: McPeak et al., ACS Photonics 2, 326 (2015). Converted from STRATIFY materials/Ag_MP.mat
# wavelength_nm,n,k
300,1.6468573,0.97233683
310,1.4556297,0.57250137
320,0.92005863,0.33153866
330,0.233798,0.58544129
340,0.10389312,1.0520427
350,0.07599858,1.3268669
360,0.063180003,1.5330009
370,0.056279242,1.708001
380,0.050752406,1.8587296
390,0.048660415,1.9954618
400,0.04572895,2.122944
410,0.04451952,2.2418256
420,0.043287376,2.3571537
430,0.041992656,2.465312
440,0.041101491,2.5732643
450,0.040932342,2.675757
460,0.040956736,2.7769547
470,0.040727224,2.8737534
480,0.040781493,2.9721815
490,0.041249589,3.0663336
500,0.041373355,3.1594005
510,0.041602686,3.2511122
520,0.04237275,3.3421244
530,0.042204211,3.4331882
540,0.043403286,3.5221987
550,0.043817181,3.6101136
560,0.044507429,3.6970232
570,0.045973387,3.7839283
580,0.046819894,3.8706837
590,0.046840293,3.9571699
600,0.047410447,4.0419361
610,0.048985705,4.1263058
620,0.049617793,4.208974
630,0.051101901,4.2930888
640,0.051646932,4.376833
650,0.05091337,4.4602233
660,0.053388535,4.5431102
670,0.052475104,4.6237164
680,0.054218627,4.7059473
690,0.054429231,4.7884196
700,0.054860386,4.8690871
710,0.056538596,4.9507774
720,0.057401233,5.0342124
730,0.057733458,5.113153
740,0.059629401,5.1953398
750,0.060113603,5.2744302
760,0.059047193,5.3568168
770,0.063824207,5.4361819
780,0.063464686,5.5129872
790,0.062217489,5.5988276
800,0.063950702,5.6781238
810,0.067473356,5.753308
820,0.067636134,5.8362295
830,0.068189561,5.9113154
840,0.067475107,5.9955444
850,0.070135706,6.0765055
860,0.070503234,6.1553205
870,0.072455233,6.2356435
880,0.073943622,6.3135939
890,0.074927946,6.3898055
900,0.074793597,6.4692035
910,0.077646805,6.5475972
920,0.07877958,6.6279866
930,0.080106493,6.7060731
940,0.080039752,6.784129
950,0.081098618,6.8650985
960,0.083963945,6.9422655
970,0.082327665,7.0243703
980,0.08532286,7.1000901
990,0.087779237,7.1770959
1000,0.088025428,7.2541539
1010,0.090501937,7.3352022
1020,0.091223005,7.4109596
1030,0.093163641,7.4884364
1040,0.090978009,7.5716099
1050,0.093069308,7.6475265
1060,0.087488108,7.7381945
1070,0.090085692,7.8125614
1080,0.091414911,7.8964142
1090,0.08952186,7.9690033
1100,0.087625115,8.0559095
1110,0.090461037,8.1316778
1120,0.094528298,8.2070662
1130,0.092749501,8.2873761
1140,0.095451077,8.3529702
1150,0.084359933,8.4459527
1160,0.095878288,8.5212201
1170,0.097053265,8.5932194
1180,0.09493293,8.6755987
1190,0.098324452,8.7490952
1200,0.094881447,8.8294395
1210,0.098216298,8.9012722
1220,0.098772673,8.9827477
1230,0.095285601,9.0653781
1240,0.10376706,9.1406656
1250,0.10017249,9.2245886
1260,0.10509073,9.3067204
1270,0.10351393,9.373618
1280,0.10664498,9.4500462
1290,0.10764277,9.5329212
1300,0.11266917,9.6055554
1310,0.11527456,9.6812338
1320,0.11007077,9.7605387
1330,0.11372557,9.8399153
1340,0.11079644,9.9199937
1350,0.11512709,9.9837495
1360,0.1216928,10.07496
1370,0.12000074,10.143688
1380,0.12776184,10.211578
1390,0.1273914,10.305641
1400,0.12956734,10.371441
1410,0.12953261,10.45451
1420,0.13942597,10.541795
1430,0.13668908,10.613137
1440,0.1337676,10.696163
1450,0.13753433,10.767493
1460,0.13600245,10.846128
1470,0.140019,10.945301
1480,0.1456838,10.996419
1490,0.14302982,11.086499
1500,0.14067182,11.161084
1510,0.14685133,11.217467
1520,0.14557447,11.30315
1530,0.15111765,11.410646
1540,0.15998951,11.454501
1550,0.15648887,11.566957
1560,0.16306173,11.596835
1570,0.14628023,11.703905
1580,0.16084666,11.761202
1590,0.16028913,11.85857
1600,0.17969673,11.893372
1610,0.17752858,12.00173
1620,0.17444857,12.107867
1630,0.18025687,12.147942
1640,0.18583403,12.23538
1650,0.18452807,12.292439
1660,0.19688298,12.385022
1670,0.17522297,12.457556
1680,0.19431517,12.567727
1690,0.20553684,12.634961
1700,0.19853159,12.70352
