# Al_MP: McPeak et al., ACS Photonics 2, 326 (2015). Converted from STRATIFY materials/Al_MP.mat
# wavelength_nm,n,k
150,0.095390828,1.2836664
155,0.095510386,1.3373938
160,0.09903925,1.4029286
165,0.098692838,1.4661652
170,0.10085021,1.53257
175,0.1069563,1.5965399
180,0.099715746,1.657662
185,0.10831611,1.734368
190,0.10656777,1.7911607
195,0.11151327,1.8534118
200,0.11080337,1.9086061
205,0.11158733,1.969937
210,0.11365555,2.0280576
215,0.11592845,2.0918507
220,0.11617342,2.1519982
225,0.11977191,2.2130398
230,0.12431554,2.2748966
235,0.12927652,2.3367739
240,0.13300274,2.3955145
245,0.13968859,2.4573589
250,0.14116265,2.5152191
255,0.14876577,2.5737776
260,0.15072264,2.6332143
265,0.16146506,2.6934311
270,0.16461059,2.7500358
275,0.17236583,2.810998
280,0.1786353,2.8689738
285,0.18587018,2.9232769
290,0.18895331,2.9824827
295,0.19731522,3.0423401
300,0.20499164,3.1008582
305,0.21009727,3.1573471
310,0.21881672,3.2147909
315,0.2244548,3.267473
320,0.23766645,3.3237758
325,0.24464928,3.3793273
330,0.25189283,3.436779
335,0.25939182,3.4937493
340,0.26748185,3.5501474
345,0.27520125,3.6071784
350,0.28349792,3.6635189
355,0.29177412,3.7198296
360,0.30012567,3.7762515
365,0.30857801,3.8316081
370,0.31759754,3.8891989
375,0.32692637,3.9459955
380,0.335956,4.0026075
385,0.3457142,4.0582654
390,0.35490168,4.1142381
395,0.36496836,4.1696765
400,0.37515084,4.2264333
405,0.38521159,4.2812834
410,0.39608645,4.3368058
415,0.40706511,4.3914351
420,0.41764785,4.4474071
425,0.42954373,4.5034995
430,0.44099623,4.5591093
435,0.45283788,4.6136821
440,0.46423275,4.6691018
445,0.47707003,4.7240444
450,0.48922012,4.7783194
455,0.50122823,4.8328283
460,0.51481725,4.8879481
465,0.52804213,4.9432609
470,0.53987657,4.997346
475,0.55493289,5.0513316
480,0.56800504,5.1059406
485,0.58277142,5.1592269
490,0.59670537,5.2128742
495,0.61078437,5.2659337
500,0.62568629,5.3204777
505,0.64030646,5.3748481
510,0.65570984,5.4281632
515,0.67256575,5.4815458
520,0.68833642,5.5359558
525,0.70404511,5.5879942
530,0.72079358,5.6417678
535,0.73760395,5.6937738
540,0.75446839,5.7464965
545,0.77233037,5.799008
550,0.78940535,5.8519365
555,0.8083517,5.9052885
560,0.8292051,5.9582364
565,0.84863085,6.009091
570,0.86737685,6.0602263
575,0.88766199,6.1126871
580,0.90856974,6.1651844
585,0.92830853,6.2156059
590,0.94895552,6.2674171
595,0.9714896,6.3171031
600,0.99246561,6.3689864
605,1.0160733,6.4173519
610,1.0381457,6.4668189
615,1.0620599,6.5170523
620,1.0881601,6.5665891
625,1.1126636,6.6147578
630,1.1363286,6.6631256
635,1.1657316,6.710807
640,1.1902652,6.759418
645,1.2185052,6.8071106
650,1.2463644,6.8523298
655,1.2753028,6.8983619
660,1.3043828,6.9423638
665,1.3338545,6.9876439
670,1.3654104,7.0319518
675,1.3958923,7.0711043
680,1.4260245,7.1162874
685,1.4573912,7.1576525
690,1.4932307,7.1974814
695,1.5274935,7.2360373
700,1.5597517,7.273914
705,1.5963464,7.311383
710,1.6316215,7.3457599
715,1.669699,7.3803723
720,1.7067809,7.4142499
725,1.7452604,7.4467398
730,1.7863988,7.4753743
735,1.8277722,7.5028495
740,1.8721892,7.5283526
745,1.9168024,7.5521607
750,1.9583555,7.5714038
755,2.0053496,7.5852111
760,2.0542241,7.5994629
765,2.0998445,7.6050869
770,2.1445288,7.6121616
775,2.1899157,7.610567
780,2.2315,7.6038538
785,2.2754799,7.5893879
790,2.3146436,7.5722239
795,2.350258,7.5478946
800,2.3736533,7.5225813
805,2.399439,7.4865417
810,2.4092966,7.4494772
815,2.414396,7.4107562
820,2.4100493,7.3693512
825,2.3994621,7.3256002
830,2.3752775,7.2884116
835,2.3421024,7.2530989
840,2.3017745,7.2257294
845,2.2576561,7.2043744
850,2.2048986,7.1880858
855,2.1481114,7.1777004
860,2.0927188,7.181328
865,2.0312772,7.1846424
870,1.973569,7.198887
875,1.9154924,7.2182485
880,1.8549961,7.2434115
885,1.8025647,7.27408
890,1.7501204,7.3097826
895,1.6946717,7.3500961
900,1.6471561,7.3930456
905,1.6023995,7.439468
910,1.5571882,7.489782
915,1.5168379,7.5426651
920,1.4835455,7.5926219
925,1.4472305,7.6477105
930,1.4152138,7.7034298
935,1.3854333,7.7560573
940,1.3555899,7.8124659
945,1.325885,7.8721008
950,1.3021645,7.928722
955,1.2802888,7.9853077
960,1.2597671,8.0459315
965,1.2382182,8.1051949
970,1.2181886,8.1637604
975,1.2010674,8.2226859
980,1.1822945,8.2792403
985,1.1676315,8.338247
990,1.1536962,8.3995247
995,1.1409052,8.4577577
1000,1.1266391,8.5115989
1005,1.1146808,8.5719609
1010,1.1029649,8.6299207
1015,1.0935808,8.6875151
1020,1.0872797,8.7484386
1025,1.0814456,8.8099673
1030,1.0713975,8.8678573
1035,1.0615373,8.9200819
1040,1.0554946,8.9782553
1045,1.0518069,9.0368301
1050,1.0434549,9.0837656
1055,1.0364824,9.1487319
1060,1.0331332,9.2040406
1065,1.0274779,9.2644326
1070,1.0255919,9.3185213
1075,1.0244184,9.3731229
1080,1.0202446,9.4286213
1085,1.0153042,9.4799179
1090,1.0143785,9.5368739
1095,1.0118903,9.5934312
1100,1.009905,9.6499175
1105,1.0084515,9.7044822
1110,1.0053449,9.7508829
1115,1.003824,9.8060014
1120,1.0042948,9.8601525
1125,1.0038822,9.9174986
1130,1.0039727,9.9683981
1135,1.0050057,10.023823
1140,1.0028286,10.075002
1145,1.0039412,10.127087
1150,1.0053173,10.183352
1155,1.0037544,10.237066
1160,1.0088188,10.286288
1165,1.0079325,10.341466
1170,1.0083573,10.39215
1175,1.0126883,10.442008
1180,1.0152132,10.493363
1185,1.0147592,10.551765
1190,1.0176838,10.605455
1195,1.0181391,10.658171
1200,1.0217368,10.70579
1205,1.0228593,10.758078
1210,1.0242578,10.807826
1215,1.0264508,10.859263
1220,1.0297387,10.91102
1225,1.0350478,10.961812
1230,1.0386676,11.012667
1235,1.0399789,11.068494
1240,1.0433896,11.115694
1245,1.0466571,11.169847
1250,1.0499134,11.216163
1255,1.0512975,11.266553
1260,1.0564951,11.316191
1265,1.0571884,11.360794
1270,1.0614927,11.410818
1275,1.0663836,11.472889
1280,1.0705009,11.519374
1285,1.0730807,11.562504
1290,1.0780911,11.617757
1295,1.0812633,11.668296
1300,1.0866766,11.719679
1305,1.0909058,11.773703
1310,1.0942277,11.820209
1315,1.097107,11.864386
1320,1.1044271,11.919302
1325,1.1081381,11.967371
1330,1.1092822,12.015428
1335,1.1124928,12.063898
1340,1.123987,12.116243
1345,1.129234,12.165327
1350,1.1329819,12.21776
1355,1.1355661,12.267009
1430,1.2089763,12.991983
1435,1.2157743,13.040249
1440,1.2223593,13.08985
1445,1.2256375,13.134389
1450,1.2323484,13.193509
1455,1.235053,13.234249
1460,1.2398932,13.282595
1465,1.2456741,13.32973
1470,1.2559018,13.375249
1475,1.2524217,13.421198
1480,1.2651536,13.465163
1485,1.2647929,13.519604
1490,1.2750237,13.565238
1495,1.2776937,13.615157
1500,1.2856992,13.660272
1505,1.2901497,13.709649
1510,1.2968099,13.757606
1515,1.30406,13.813782
1520,1.3139247,13.85772
1525,1.3162789,13.905488
1530,1.3252896,13.949781
1535,1.3325654,13.995561
1540,1.3381037,14.04637
1545,1.3423174,14.089067
1550,1.3473994,14.132781
1555,1.3542879,14.186053
1560,1.3616266,14.23004
1565,1.3679538,14.272046
1570,1.3748817,14.332142
1575,1.3749494,14.373256
1580,1.385662,14.41874
1585,1.390426,14.471464
1590,1.4001707,14.519658
1595,1.3978614,14.566538
1600,1.4009847,14.608654
1605,1.4029281,14.652925
1610,1.4214147,14.706475
1615,1.4247425,14.756351
1620,1.4360028,14.821002
1625,1.4393586,14.848628
1630,1.4460907,14.895677
1635,1.4479042,14.947121
1640,1.4564388,14.991705
1645,1.4588731,15.023925
1650,1.4699175,15.081799
1655,1.4781778,15.122335
1660,1.4749778,15.175822
1665,1.4778431,15.232335
1670,1.4622927,15.277379
1675,1.4257785,15.347405
1680,1.4273351,15.389519
1685,1.4549084,15.472452
1690,1.514176,15.496217
1695,1.5556684,15.533516
1700,1.5840185,15.556321
