# Al_P: Palik, Handbook of Optical Constants of Solids. Converted from STRATIFY materials/Al_P.mat
# wavelength_nm,n,k
364.6471,0.407,4.43
375.697,0.432,4.56
387.4375,0.46,4.71
399.9355,0.49,4.86
413.2667,0.523,5.02
427.5172,0.558,5.2
442.7857,0.598,5.38
459.1852,0.644,5.28
476.8461,0.695,5.8
495.92,0.755,6.03
516.5833,0.826,6.28
539.0435,0.912,6.55
563.5454,1.02,6.85
590.3809,1.15,7.15
619.9,1.3,7.48
652.5263,1.49,7.82
688.7778,1.74,8.21
729.2941,2.14,8.57
774.875,2.63,8.6
826.5333,2.74,8.31
885.5714,2.24,8.21
953.6923,1.47,8.95
1033.167,1.26,12
1127.091,1.2,11.2
1239.8,1.21,12.5
1377.556,1.26,14
1549.75,1.44,16
1771.143,1.77,18.3
