# Au_MP: McPeak et al., ACS Photonics 2, 326 (2015). Converted from STRATIFY materials/Au_MP.mat
# wavelength_nm,n,k
300,1.6998387,1.9731578
310,1.7469487,1.9744999
320,1.782941,1.9597956
330,1.804653,1.9319504
340,1.8046213,1.8967968
350,1.7637124,1.8706848
360,1.7134349,1.8876703
370,1.6892021,1.9220909
380,1.6780591,1.948382
390,1.6725042,1.9665122
400,1.6656161,1.9739243
410,1.6539111,1.9752271
420,1.6374371,1.9703046
430,1.6123433,1.9594772
440,1.5815231,1.9403132
450,1.5383264,1.9107454
460,1.4752853,1.8723158
470,1.3862632,1.8276832
480,1.2529055,1.7820977
490,1.0643602,1.7678695
500,0.84847484,1.8282805
510,0.6616355,1.9645258
520,0.52912664,2.1297359
530,0.43804109,2.2949902
540,0.37250206,2.4516643
550,0.32393097,2.5971583
560,0.28496027,2.7389783
570,0.25406923,2.871855
580,0.22893673,2.9995186
590,0.2071222,3.1213458
600,0.18878963,3.2417035
610,0.17272611,3.3567595
620,0.1600717,3.4656346
630,0.14636792,3.5776282
640,0.13541773,3.685965
650,0.12549944,3.7923278
660,0.11783209,3.8961371
670,0.11111768,3.9995434
680,0.10574489,4.1027042
690,0.10150931,4.2050332
700,0.098607898,4.3050811
710,0.097790271,4.4038123
720,0.098623269,4.4991918
730,0.096903666,4.5958014
740,0.099463321,4.6872052
750,0.098537395,4.7810783
760,0.099206649,4.8723549
770,0.10170674,4.9588652
780,0.10131522,5.0515606
790,0.10306775,5.1480698
800,0.10422723,5.2236829
810,0.10593779,5.3130239
820,0.10433866,5.4073918
830,0.10453454,5.4924428
840,0.10700108,5.5770466
850,0.11101257,5.6592688
860,0.11076329,5.7491972
870,0.11203878,5.8305705
880,0.11417303,5.9129549
890,0.11600457,5.9928672
900,0.11682847,6.0819938
910,0.11699723,6.1638209
920,0.11945701,6.2415759
930,0.12063584,6.3285506
940,0.12255896,6.4103838
950,0.12400272,6.491793
960,0.12393537,6.5739912
970,0.12624425,6.6628776
980,0.12797463,6.7380544
990,0.12994277,6.8191557
1000,0.13231172,6.904528
1010,0.13390761,6.9783187
1020,0.13540114,7.0616098
1030,0.13814881,7.1415744
1040,0.13793764,7.2224668
1050,0.13924667,7.3021497
1060,0.13404906,7.4066166
1070,0.13571776,7.4828082
1080,0.14036306,7.5568315
1090,0.1386861,7.6370304
1100,0.13841863,7.7193367
1110,0.13944294,7.7999644
1120,0.14167783,7.874203
1130,0.14130824,7.9609653
1140,0.14023556,8.050383
1150,0.14281776,8.1148874
1160,0.14672934,8.2014956
1170,0.15274785,8.2675469
1180,0.14969318,8.3504136
1190,0.14790648,8.4435109
1200,0.14939509,8.5150055
1210,0.15198487,8.59
1220,0.15342342,8.6668644
1230,0.1536707,8.7443476
1240,0.15774821,8.8175328
1250,0.15966215,8.9009826
1260,0.16549424,8.9876242
1270,0.15938232,9.0687597
1280,0.16384918,9.146521
1290,0.16621158,9.2261924
1300,0.16615646,9.3035804
1310,0.17011549,9.3724564
1320,0.16979521,9.4452014
1330,0.17480987,9.5309264
1340,0.17620912,9.6124424
1350,0.17958557,9.6875823
1360,0.17748338,9.7693654
1370,0.18429556,9.8393579
1380,0.18629771,9.9163858
1390,0.19083756,9.992268
1400,0.19110228,10.07157
1410,0.19436193,10.141389
1420,0.20542655,10.222632
1430,0.20836114,10.321503
1440,0.20655708,10.375098
1450,0.208044,10.465815
1460,0.20575856,10.540509
1470,0.21240561,10.642139
1480,0.21669764,10.705931
1490,0.21990245,10.780462
1500,0.21539872,10.858932
1510,0.21956893,10.91138
1520,0.22200416,11.005875
1530,0.2305891,11.08617
1540,0.2352107,11.168497
1550,0.23822989,11.26307
1560,0.23676183,11.317069
1570,0.23527534,11.380921
1580,0.24081926,11.442814
1590,0.24629015,11.531724
1600,0.24365291,11.642996
1610,0.25211538,11.709123
1620,0.24883006,11.783544
1630,0.26444846,11.865072
1640,0.25845106,11.927984
1650,0.26588266,12.01169
1660,0.27856125,12.069697
1670,0.27818868,12.187592
1680,0.28090035,12.240462
1690,0.29024451,12.346831
1700,0.31648184,12.370536
