# Si_AS: Aspnes & Studna, PRB 27, 985 (1983). Converted from STRATIFY materials/Si_AS.mat
# wavelength_nm,n,k
206.66667,1.0923179,3.0105246
207.35786,1.1013664,3.0212924
208.05369,1.1104993,3.03269
208.75421,1.1197682,3.0446479
209.45946,1.1291995,3.0571214
210.16949,1.1388386,3.0700575
210.88435,1.1487197,3.0834327
211.6041,1.1588394,3.0971937
212.32877,1.1692452,3.1113236
213.05842,1.1799032,3.1258073
213.7931,1.1908603,3.1406286
214.53287,1.2021104,3.1557835
215.27778,1.2136609,3.171273
216.02787,1.2255411,3.1871227
216.78322,1.2378036,3.2033354
217.54386,1.2504647,3.219963
218.30986,1.2636198,3.2370102
219.08127,1.2773511,3.2545085
219.85816,1.2917908,3.2724339
220.64057,1.3070885,3.2907872
221.42857,1.3234256,3.3094796
222.22222,1.340992,3.3283569
223.02158,1.3599272,3.347238
223.82671,1.380395,3.365812
224.63768,1.4024272,3.3837408
225.45455,1.4260133,3.4006344
226.27737,1.4510203,3.4160445
227.10623,1.4771409,3.4295984
227.94118,1.5039657,3.4409029
228.78229,1.5309845,3.4497411
229.62963,1.5575798,3.4560027
230.48327,1.5831974,3.4597708
231.34328,1.6069734,3.461165
232.20974,1.6287015,3.4607324
233.08271,1.6476444,3.4588773
233.96226,1.6635141,3.4562377
234.84848,1.6762636,3.4535141
235.74144,1.6859611,3.4514439
236.64122,1.6926232,3.4505613
237.54789,1.696538,3.4514405
238.46154,1.698303,3.4546249
239.38224,1.6982219,3.460384
240.31008,1.6966619,3.4688703
241.24514,1.694245,3.4803112
242.1875,1.6912875,3.494675
243.13725,1.6882166,3.5119902
244.09449,1.685249,3.5321189
245.05929,1.6828123,3.5550608
246.03175,1.6809723,3.5806658
247.01195,1.6799982,3.6089325
248,1.6800087,3.6395644
248.99598,1.6811538,3.6727752
250,1.6835943,3.708435
251.01215,1.6874318,3.7465219
252.03252,1.6929199,3.7869483
253.06122,1.6999829,3.8297444
254.09836,1.709072,3.8749099
255.14403,1.7202464,3.9224033
256.19835,1.7335566,3.9721806
257.26141,1.7494037,4.0242283
258.33333,1.7678662,4.0786457
259.41423,1.7892013,4.1353647
260.5042,1.8135436,4.1942747
261.60338,1.8412092,4.2553556
262.71186,1.872542,4.3187282
263.82979,1.9076497,4.3841906
264.95726,1.9468766,4.4520028
266.09442,1.9906419,4.5219083
267.24138,2.0393059,4.5942103
268.39827,2.0935235,4.6689229
269.56522,2.154052,4.7459393
270.74236,2.2215806,4.8253933
271.92982,2.2976563,4.9069567
273.12775,2.3833962,4.990148
274.33628,2.4805141,5.0739482
275.55556,2.590505,5.1569096
276.78571,2.7150464,5.236743
278.02691,2.8549061,5.3105074
279.27928,3.010467,5.3747476
280.54299,3.1809409,5.4254387
281.81818,3.3643348,5.4587314
283.10502,3.5574298,5.4712253
284.40367,3.7558809,5.4603701
285.71429,3.954822,5.4252758
287.03704,4.1496769,5.3660804
288.37209,4.3360253,5.2839867
289.71963,4.5099953,5.180604
291.07981,4.6674413,5.0582318
292.45283,4.8045476,4.9205465
293.83886,4.9185107,4.7725829
295.2381,5.00829,4.6200399
296.65072,5.0748349,4.4686183
298.07692,5.1204371,4.3229708
299.51691,5.148574,4.1867904
300.97087,5.1631349,4.0622607
302.43902,5.1679033,3.9503448
303.92157,5.1665742,3.8509076
305.41872,5.1619855,3.76299
306.93069,5.1564093,3.6853164
308.45771,5.1512887,3.6161825
310,5.147516,3.5541414
311.55779,5.1455804,3.4978561
313.13131,5.1455153,3.4462049
314.72081,5.1473212,3.3983696
316.32653,5.1509298,3.3536663
317.94872,5.1562159,3.311731
319.58763,5.1631306,3.2721427
321.24352,5.1715127,3.2347402
322.91667,5.1815255,3.1992509
324.60733,5.1929447,3.165545
326.31579,5.2059142,3.1334554
328.04233,5.2203973,3.102829
329.78723,5.2363301,3.0736221
331.5508,5.2538324,3.0457766
333.33333,5.2728811,3.0193171
335.13514,5.2935634,2.9942968
336.95652,5.3158603,2.9709208
338.79781,5.3402326,2.9495906
340.65934,5.3668279,2.930502
342.54144,5.3964879,2.9141176
344.44444,5.4301082,2.9010472
346.36872,5.4691208,2.8914154
348.31461,5.5153486,2.885493
350.28249,5.5714956,2.8829781
352.27273,5.6406989,2.8824442
354.28571,5.7264884,2.8816089
356.32184,5.8326747,2.8761248
358.3815,5.9623306,2.8597878
360.46512,6.1179994,2.8236354
362.5731,6.2996936,2.7546578
364.70588,6.5007951,2.6348315
366.86391,6.7010447,2.4458127
369.04762,6.8641845,2.1819781
371.25749,6.9516273,1.8641678
373.49398,6.945018,1.5359931
375.75758,6.8574028,1.2413592
378.04878,6.7212161,1.0028691
380.3681,6.5668914,0.81979428
382.71605,6.4121372,0.68081045
385.09317,6.2642841,0.5746786
387.5,6.1262008,0.49329105
389.93711,5.9991237,0.43067957
392.40506,5.8833589,0.38198418
394.90446,5.7783922,0.34324427
397.4359,5.6832154,0.31134664
400,5.5963996,0.28405763
402.5974,5.5165724,0.25994402
405.22876,5.4423985,0.23812111
407.89474,5.3728568,0.2181521
410.59603,5.3072517,0.19980209
413.33333,5.2448525,0.18296987
416.10738,5.1853732,0.16761571
418.91892,5.1284132,0.15369277
421.76871,5.0739459,0.14116233
424.65753,5.0216418,0.12994754
427.58621,4.9715589,0.11999254
430.55556,4.9235519,0.11119005
433.56643,4.8774691,0.10346554
436.61972,4.8333583,0.096707087
439.71631,4.7910591,0.090814993
442.85714,4.7505097,0.085689752
446.04317,4.7117511,0.081233068
449.27536,4.6745036,0.077355807
452.55474,4.6389085,0.073971065
455.88235,4.6046761,0.07100608
459.25926,4.5719445,0.06838775
462.68657,4.5404145,0.066058947
466.16541,4.5102208,0.063964718
469.69697,4.4811663,0.062060852
473.28244,4.4531604,0.060312222
476.92308,4.4262223,0.058684355
480.62016,4.4002575,0.057151201
484.375,4.3752831,0.05569354
488.18898,4.3510858,0.054294493
492.06349,4.3276787,0.052940622
496,4.3050743,0.051621641
500,4.2830519,0.050332101
504.06504,4.2618549,0.049061971
508.19672,4.2412599,0.047808907
512.39669,4.2211573,0.046571351
516.66667,4.201792,0.045344938
521.0084,4.1828157,0.04413056
525.42373,4.1643538,0.042926228
529.91453,4.1465336,0.041728831
534.48276,4.1290004,0.040544923
539.13043,4.1120007,0.039367698
543.85965,4.0954193,0.038201217
548.67257,4.0792613,0.037045923
553.57143,4.0635316,0.035899807
558.55856,4.0481117,0.034765592
563.63636,4.0330053,0.033642406
568.80734,4.0183402,0.032530844
574.07407,4.0039965,0.031432345
579.43925,3.9898522,0.030346988
584.90566,3.9761611,0.029274468
590.47619,3.9626754,0.028217048
596.15385,3.9495238,0.027172896
601.94175,3.9367097,0.02614239
607.84314,3.924109,0.025127997
613.86139,3.9117237,0.024130027
620,3.8996841,0.023146747
626.26263,3.8877361,0.022181289
632.65306,3.8761386,0.021231181
639.17526,3.8647655,0.020298774
645.83333,3.8536185,0.019383081
652.63158,3.8426998,0.018485701
659.57447,3.8320112,0.017605637
666.66667,3.8214239,0.016745067
673.91304,3.8110698,0.015903671
681.31868,3.8009509,0.015080437
688.88889,3.791069,0.014275657
696.62921,3.7812937,0.013491414
704.54545,3.7717585,0.012727353
712.64368,3.7623322,0.011983392
720.93023,3.7531489,0.011259479
729.41176,3.7440768,0.010556541
738.09524,3.7352507,0.0098744377
746.98795,3.7265379,0.0092135115
756.09756,3.7180739,0.0085739286
765.4321,3.7095907,0.0079565381
775,3.7013584,0.0073608111
784.81013,3.6933787,0.0067870105
794.87179,3.6853818,0.0062358533
805.19481,3.6776395,0.0057071934
815.78947,3.6700173,0.0052013379
826.66667,3.6625158,0.0047186144
837.83784,3.6551359,0.0042590756
849.31507,3.6478781,0.0038229074
861.11111,3.6407433,0.00341043
873.23944,3.6338697,0.0030215723
885.71429,3.6269832,0.0026567534
898.55072,3.6202217,0.0023161565
911.76471,3.6137244,0.0019997374
925.37313,3.607354,0.0017077614
939.39394,3.6009724,0.0014405831
953.84615,3.5948576,0.001197989
968.75,3.5887325,0.00098030433
984.12698,3.582876,0.00078742607
1000,3.57701,0.00061924625
1016.3934,3.5712743,0.00047534853
1033.3333,3.5658099,0.00035498247
1050.8475,3.5603371,0.00025702623
1068.9655,3.5551371,0.00017976803
1087.7193,3.5499296,0.00012099817
1107.1429,3.5448554,7.808499e-05
1127.2727,3.5400565,4.8134825e-05
1148.1481,3.5352511,2.8246933e-05
1169.8113,3.5305807,1.5726875e-05
1192.3077,3.5260459,8.2827905e-06
1215.6863,3.5216473,4.1145517e-06
1240,3.5172432,1.9232392e-06
1265.3061,3.5131183,8.4375184e-07
1291.6667,3.5089885,3.467951e-07
1319.1489,3.5049964,0
1347.8261,3.5011427,0
1377.7778,3.4974276,0
1409.0909,3.4937086,0
1441.8605,3.4901289,0
1476.1905,3.486689,0
1512.1951,3.4833892,0
1550,3.4800862,0
1589.7436,3.4769239,0
1631.5789,3.4737588,0
1675.6757,3.4707348,0
1722.2222,3.4678524,0
1771.4286,3.4651118,0
1823.5294,3.4623691,0
1878.7879,3.4597688,0
1937.5,3.4571665,0
2000,3.4547069,0
2066.6667,3.4523905,0
2137.931,3.4500725,0
2214.2857,3.4478979,0
2296.2963,3.445722,0
2384.6154,3.4436899,0
2480,3.4416566,0
2583.3333,3.4397674,0
2695.6522,3.4380227,0
2818.1818,3.4362771,0
2952.381,3.4346761,0
3100,3.4330744,0
3263.1579,3.4316177,0
3444.4444,3.4303061,0
3647.0588,3.4288482,0
3875,3.4276814,0
4133.3333,3.4265143,0
4428.5714,3.4253467,0
4769.2308,3.4243248,0
5166.6667,3.4234486,0
5636.3636,3.4225721,0
6200,3.4218416,0
